{"cameraMode":{"drawMode":0,"name":"Shaded","section":"Shading Mode"},"sceneLighting":false,"audioPlay":false,"sceneViewState":{"m_AlwaysRefresh":false,"showFog":true,"showSkybox":true,"showFlares":true,"showImageEffects":true,"showParticleSystems":true,"showVisualEffectGraphs":true,"m_FxEnabled":true},"in2DMode":false,"pivot":{"x":295.61212158203127,"y":0.6941925287246704,"z":193.28778076171876},"rotation":{"x":0.18019726872444154,"y":0.011803250759840012,"z":-0.0021625510416924955,"w":0.9835588932037354},"size":1.5644530057907105,"orthographic":false}